,Unit Price
10008,0.66
5550,0.51
7728,0.22
5665,0.6
9117,0.12
4525,1.6
2277,0.04
2691,0.08
1703,0.4
3839,0.14
8798,0.36
3057,0.89
8619,0.13
4911,0.24
7050,0.19
6364,0.68
6715,0.04
4752,0.13
6754,0.28
2658,0.19
5870,0.92
9302,0.09
1178,0.16
9092,0.05
3335,0.68
5632,8.33
7043,0.12
3315,0.02
1331,0.28
2509,0.55
4299,0.13
6798,0.05
5890,0.22
5504,0.92
4942,1.6
7912,0.32
652,3.0
3926,0.89
3660,0.04
9537,0.12
9152,0.01
3711,0.35
4085,0.05
3045,0.01
6326,0.1
4211,0.8
9728,0.11
3940,0.37
857,0.14
6673,0.19
4147,0.8
1574,0.32
4621,0.12
2786,0.11
1057,0.14
9282,0.19
4393,1.6
7317,0.04
647,0.7
3201,24.5
1596,0.04
7947,0.04
3190,0.04
8333,0.07
2423,0.37
7818,0.06
6678,0.05
6267,1.6
1647,0.11
2869,0.07
3905,0.89
1228,0.05
10198,0.45
9484,0.01
2909,0.04
6381,0.7
2339,0.06
7089,0.16
1653,0.14
2747,0.11
83,0.2
331,0.72
7799,0.01
6428,1.0
6211,1.6
5568,0.28
8162,0.8
9511,0.12
5479,0.78
7716,0.5
7902,0.33
4914,0.89
10048,0.01
5721,0.12
3952,0.22
4480,0.68
2353,0.01
2789,0.98
149,0.01
3667,0.78
7180,0.04
4538,0.7
6424,0.04
2936,4.0
8835,0.03
2445,0.15
6383,0.02
4212,0.12
7158,0.66
7322,0.12
8339,0.07
1289,0.01
6947,0.16
7750,0.4
2899,0.01
3206,0.15
6946,0.07
5301,0.1
1099,17.12
422,0.68
5789,0.1
7455,0.13
10101,0.44
3294,0.35
1879,0.12
1067,0.8
1151,0.16
2978,0.14
4251,0.04
6747,0.07
3018,0.08
7202,0.19
6362,0.78
6118,0.89
3733,0.24
5879,0.8
1708,0.26
7923,0.06
9684,0.45
6240,0.8
4597,0.08
3391,0.9
2309,0.07
3666,0.11
6731,0.04
2431,0.19
5929,0.89
6337,0.1
5856,0.89
5257,0.12
9017,0.05
2043,0.12
8078,0.04
471,23.0
4783,0.3
8287,0.04
4075,0.04
6391,0.12
6591,0.13
7634,0.01
10260,0.11
1479,0.74
3694,0.01
5838,0.37
3720,0.2
7360,0.14
3070,0.19
9787,0.04
6898,0.37
6060,0.8
1896,0.34
4846,0.8
10027,0.21
9388,0.05
5815,0.14
981,0.7
1696,0.05
5302,0.04
7606,0.28
1406,0.06
9811,0.11
5077,0.8
5967,0.89
3539,0.8
10094,0.5
4545,1.6
7566,0.04
6302,0.89
547,0.78
5656,0.1
7866,0.09
5199,0.89
3060,5.0
1313,0.03
3677,0.72
5356,0.8
1537,0.12
7568,0.04
5052,0.16
1958,0.13
5768,0.11
1173,0.39
206,0.0
10187,0.16
1968,0.72
6125,0.8
3196,0.4
7003,0.18
9500,0.04
4078,0.65
10073,0.27
1065,0.18
703,0.12
8349,0.11
2373,0.16
6983,0.12
3950,0.8
8379,0.11
5105,0.8
7895,0.11
1163,0.12
2246,0.15
8367,0.01
6680,0.11
6716,0.01
7304,0.46
6791,0.13
9860,0.04
7110,0.15
236,0.05
4513,0.08
5206,0.92
5312,0.92
3966,0.11
2000,0.42
2839,0.04
6977,0.03
9769,0.45
1167,0.05
8448,0.19
7056,0.06
1876,0.6
2241,0.02
6726,0.27
5609,0.8
4546,0.13
4766,0.07
1153,0.88
4664,1.52
7120,0.05
3941,0.26
7005,0.1
2626,0.88
4366,0.8
10305,0.13
1787,0.05
3602,0.9
6430,0.14
3080,0.78
6907,0.37
7852,0.06
2270,0.39
3309,0.15
4898,0.8
444,1.6
1192,0.13
2398,0.0
5396,0.11
8063,0.04
4008,0.89
2040,0.32
1882,0.12
4039,0.8
4014,1.6
6243,0.8
1010,3.0
594,0.06
6581,0.05
1561,0.16
9080,0.01
3770,0.1
3281,15.5
2588,0.06
7255,0.13
1291,0.12
961,23.0
7250,0.18
554,0.72
4801,0.03
6903,0.16
9207,0.04
7786,0.18
4932,1.6
3135,0.8
6529,0.13
7827,0.2
8007,0.04
567,0.0
2111,0.07
5554,0.89
10162,0.18
6831,0.15
6127,0.28
1895,0.57
5938,0.04
10092,0.44
7332,0.16
6796,0.18
6657,0.19
329,0.03
1277,0.01
4599,0.0
1108,0.06
1405,0.13
6474,0.75
6111,0.78
6841,0.01
2957,0.09
6671,0.75
45,0.72
4692,0.01
3362,1.55
5842,0.09
7567,0.3
3545,0.92
4665,0.04
9165,0.14
2382,0.14
1116,0.46
7441,0.33
190,0.12
3929,0.16
8374,0.04
1077,0.22
9846,0.01
3691,0.89
4173,0.08
8275,0.14
7193,0.24
30,1.35
6859,0.11
7212,0.19
9275,0.11
2032,0.28
73,0.72
8540,0.66
8819,0.04
5475,0.89
617,1.6
10151,0.01
7534,0.19
5397,0.09
3886,0.89
1089,1.6
5053,0.61
9010,0.06
8198,0.4
1772,0.88
1176,0.19
10102,0.16
5868,0.1
215,1.35
401,0.22
793,0.8
2797,0.1
3765,0.38
5359,0.11
2940,0.1
1236,0.12
3852,0.11
6456,0.07
6515,0.8
1310,0.07
3471,0.15
7877,0.11
1332,0.16
2463,0.13
6931,0.19
9756,0.16
1358,0.34
5252,0.04
2127,0.06
5993,0.08
9535,0.19
1148,0.05
4984,0.8
5382,0.04
3042,0.68
885,3.5
3881,0.09
3278,0.14
7277,0.44
2652,0.28
8499,0.11
2847,0.8
2403,0.01
3762,0.01
2901,0.29
6856,0.4
8052,0.22
8114,0.01
5057,1.6
7362,0.37
6212,0.1
673,0.15
6238,0.1
2138,0.46
8826,0.14
7224,0.18
3607,0.8
2475,0.21
3439,3.5
5791,0.23
1296,0.65
5581,0.89
5195,0.01
1699,0.12
10207,0.06
3414,0.8
2890,0.3
10316,0.11
8315,0.03
2171,0.41
513,0.07
7527,0.05
597,1.35
3293,0.15
2788,0.1
5422,1.6
9082,0.04
5049,0.26
8391,0.15
2453,0.33
8113,0.04
6064,0.15
7781,0.12
7459,0.13
4917,0.02
4603,0.01
6771,0.25
9921,0.19
8559,0.28
8783,0.17
6782,0.04
4567,1.45
6207,1.6
2739,0.11
2406,0.4
581,0.68
3724,0.11
9360,0.77
7337,0.13
6173,0.72
6208,0.11
1020,1.6
4400,0.32
7922,0.32
3500,0.67
1267,0.07
2468,0.37
3920,0.04
2402,0.01
330,0.03
5228,0.55
5536,1.0
4939,0.8
2015,0.19
6309,0.11
8737,0.04
565,0.72
8132,0.18
4237,0.78
9799,0.03
2217,0.2
2874,0.92
5516,0.82
7374,0.06
4693,0.2
1408,0.07
2336,0.34
8979,0.05
358,0.72
6666,0.04
849,0.12
6991,0.14
6773,0.54
2684,0.04
7267,0.04
9096,0.25
6668,0.01
2870,0.11
8368,0.06
6017,24.5
9073,0.18
5241,0.15
3806,0.67
3611,0.29
1282,0.41
4110,0.72
936,1.6
804,1.39
6835,0.12
2824,1.6
1684,0.01
6667,0.19
1993,0.01
3958,0.23
4882,0.1
1396,0.3
1719,0.09
2038,0.05
8486,0.19
9345,0.13
9676,0.01
2923,0.8
4302,0.8
5688,0.67
9218,0.36
8237,0.16
9551,0.56
803,1.39
1494,0.14
7950,0.13
8811,0.04
9171,0.43
4589,0.6
473,23.0
4608,0.67
5941,0.04
5099,0.67
5579,0.07
7519,0.19
1526,0.22
6870,0.04
4206,0.89
7024,0.07
3562,0.8
92,0.79
3509,0.15
184,0.38
7491,0.19
4067,0.16
1087,0.41
7287,0.18
8080,0.04
7305,0.21
10266,0.11
5363,0.22
8663,0.13
6647,0.24
4222,0.8
6283,1.45
3585,0.67
6169,0.07
2856,0.19
5785,0.1
7590,0.11
1550,0.34
3759,0.09
3695,0.78
5682,1.6
6705,0.24
2462,0.88
340,0.41
6899,0.18
6597,0.15
6840,0.04
1830,0.19
2002,0.12
3207,0.1
6036,0.8
8031,0.26
5107,1.6
6948,0.14
7049,0.19
6365,0.14
7586,0.02
8671,0.07
2098,0.28
4340,0.1
7858,0.11
4980,0.8
5800,0.8
7396,0.37
3628,0.06
7163,0.14
7625,0.27
4083,0.8
8491,0.15
3123,0.3
1821,0.23
7602,0.29
1698,0.28
10216,0.01
9658,0.04
7605,0.19
6767,0.54
2958,1.6
288,0.12
8260,0.01
7725,0.07
887,0.8
8330,0.15
8695,0.05
7127,0.27
7805,0.11
2809,0.12
1321,0.16
7764,0.01
9220,0.04
3911,0.77
6277,1.6
7121,0.15
4026,0.01
3591,0.04
6984,0.06
7054,0.04
2503,0.14
6844,0.4
1622,0.04
5623,0.82
5111,1.6
5185,0.16
5923,0.8
4722,0.22
3476,0.09
5507,0.04
6119,0.67
3248,0.91
3493,1.6
6594,0.28
9011,0.01
6323,0.8
7871,0.01
8234,0.03
8049,0.05
457,0.15
6558,1.6
7560,0.15
6398,0.89
5759,0.11
3354,0.28
5850,0.15
6918,0.36
7721,0.48
6061,0.14
2935,0.08
9366,0.28
1305,0.14
5258,1.6
10121,0.13
6957,0.04
8569,0.19
4733,0.04
6321,0.01
7649,0.14
8082,0.04
6305,0.04
6620,0.13
9618,0.18
7746,0.01
7019,0.44
8455,0.31
4979,0.98
3115,0.35
9750,0.06
1334,0.68
6488,0.04
4092,0.04
3159,0.11
5792,0.07
2460,0.12
2318,0.12
1666,1.6
2814,0.16
1583,0.12
2446,0.19
10304,0.13
7780,0.11
3719,0.15
1172,0.2
2152,0.4
6545,0.14
9463,0.14
8568,0.14
2685,0.89
1136,0.14
2798,0.04
4926,0.06
8100,0.14
1298,0.05
5235,0.5
6872,0.35
9044,0.04
6689,0.09
3291,0.26
2827,0.11
3555,0.01
9008,0.21
3883,3.8
9213,0.16
8815,0.11
727,1.6
8065,0.09
2114,0.55
3577,0.1
6527,0.11
8257,0.04
159,0.55
7666,0.56
3204,0.1
9153,0.13
3938,0.8
6777,0.18
7820,0.14
10096,0.22
1587,0.06
4288,0.22
4134,0.11
7559,0.12
121,0.19
8843,0.11
5525,0.01
7908,0.13
7307,0.21
556,1.39
3984,0.89
7899,0.03
4782,1.6
4995,0.04
9090,0.13
5060,0.01
3760,0.1
2478,0.02
3505,0.8
7205,0.07
9477,0.14
651,0.7
4972,0.68
5113,1.45
4171,0.16
5865,0.8
4561,0.06
5612,0.67
9582,0.5
1123,0.07
3094,0.01
1894,0.01
7736,0.16
3616,0.22
7446,0.13
8013,0.29
4145,0.89
931,1.6
1054,1.6
70,1.9
9175,0.07
6180,1.6
5510,0.8
9253,0.14
6033,0.8
5335,0.8
9619,0.16
7594,0.14
7364,0.37
7176,0.21
1284,0.0
2712,1.6
6894,0.04
7432,0.36
9655,0.35
9242,0.14
3853,24.5
2906,0.75
8926,0.33
1287,0.57
2790,0.16
4421,2.5
8755,0.37
3580,0.04
8001,0.01
6664,0.01
5315,0.8
3466,0.11
10296,0.16
82,1.68
3690,0.06
4973,0.12
1066,0.34
3653,0.67
5495,0.89
4478,0.43
5015,0.89
5122,0.8
10241,0.19
8165,0.04
3219,0.78
7905,0.11
2455,0.34
4264,25.0
2656,0.37
9957,0.04
4292,0.04
8425,0.36
1398,0.12
1765,0.01
256,0.9
6554,0.89
4884,0.04
3343,1.0
3347,0.51
8416,0.05
6022,0.04
9910,0.25
7991,0.12
8556,0.06
7898,0.19
339,1.6
1190,0.13
7558,0.1
1155,0.15
4550,0.8
9290,0.45
7806,0.13
5209,0.8
9315,0.16
587,1.39
5420,0.89
1519,0.06
1964,0.41
3418,0.1
6909,0.06
6322,0.19
1695,0.03
7802,0.12
9936,0.26
3141,0.35
3849,0.6
237,0.72
6437,0.89
1603,0.15
3827,0.8
3138,0.13
3995,0.8
3126,0.1
1868,0.07
4706,0.14
1825,0.04
5198,0.05
1078,0.06
8417,0.05
2636,0.19
4119,0.8
6128,0.7
9249,0.16
2725,0.78
5123,24.5
7850,0.11
2454,0.19
8638,0.44
5719,0.8
3662,1.0
5274,0.1
2539,0.12
1500,0.16
3824,0.15
2821,1.6
5535,0.89
9464,0.14
8573,0.27
8175,0.18
10113,0.16
7242,0.13
1181,0.88
2861,0.01
54,0.46
4695,0.26
8474,0.16
8871,0.32
7537,0.29
6921,0.19
2721,0.14
2835,0.8
7547,0.19
7607,0.04
3065,24.5
5836,0.15
4255,1.45
10302,0.03
4923,0.67
5218,0.03
8635,0.47
5259,0.8
6376,0.78
5319,0.22
1195,0.15
9356,0.04
1600,0.19
8461,0.04
8331,0.03
5034,0.89
8574,0.07
1075,0.16
6805,0.04
6005,0.04
3324,0.11
5255,0.11
9838,0.11
7523,0.33
10016,0.3
3101,0.8
9906,0.04
4870,0.89
5783,0.05
2045,0.27
8155,0.04
5953,0.1
4358,0.75
4377,0.04
2457,0.17
10252,0.07
6135,1.6
8343,0.17
9285,0.45
6626,0.05
6724,0.19
4081,0.82
6965,0.19
4521,0.09
3586,1.6
5949,0.04
6371,0.12
9428,0.19
4345,0.11
6361,0.07
2452,0.02
7638,0.02
3497,0.08
4713,0.02
3205,0.72
2846,0.17
3215,0.67
7828,0.14
10026,0.14
7047,0.01
3052,0.89
8038,0.32
2437,0.2
8532,0.26
3033,0.01
3880,0.8
8691,0.4
5430,5.0
8136,0.01
4986,0.26
486,0.34
2697,0.89
10059,0.14
6598,0.19
6906,0.14
2807,1.6
8456,0.16
9882,0.33
3074,0.07
8284,0.17
9855,0.15
1476,0.06
5712,0.25
7063,0.06
8101,0.19
4773,0.0
6265,0.04
7580,0.15
2670,0.19
4681,0.03
5324,0.04
2832,0.01
9490,0.04
7095,0.19
3346,0.12
8358,0.11
1309,0.05
1867,1.6
7959,0.03
6317,0.1
3530,0.12
2126,3.0
5503,1.6
2753,1.6
2385,0.06
7970,0.15
4730,0.92
4385,0.8
3276,0.28
6136,0.89
4150,0.05
3259,0.33
8807,0.11
1711,0.05
9685,0.11
8407,0.05
6195,0.3
7683,0.22
6234,0.36
7521,0.01
3271,1.6
5872,0.26
2818,0.03
8002,0.39
5072,0.32
1106,0.05
7182,0.05
2090,0.13
3481,1.6
6710,0.66
58,0.79
3634,0.11
6866,0.04
6923,0.2
1383,0.18
1828,0.15
2843,0.05
3901,0.35
8853,0.15
7878,0.16
5141,0.67
7705,0.13
8209,0.14
5919,0.04
6151,0.05
4142,0.15
9594,0.5
6797,0.01
7457,0.15
2602,0.06
3183,1.45
7587,0.02
8411,0.12
1747,0.12
7520,0.19
7313,0.14
2833,0.8
1657,0.41
9288,0.04
5998,0.11
1541,0.01
1146,0.06
7363,0.06
5469,0.14
6912,0.16
1497,0.01
9406,0.19
9739,0.14
2384,0.4
3507,24.5
6684,0.07
2813,0.8
894,1.6
1518,0.16
8543,0.01
8692,0.4
1295,0.18
5351,0.89
397,0.2
10108,0.18
8906,0.05
5488,0.8
1348,0.88
4135,0.08
5988,1.6
4030,0.12
3908,0.89
1093,0.07
9050,0.18
9664,0.11
3292,0.12
8395,0.13
6178,0.56
1717,0.4
4571,0.8
10185,0.13
117,0.8
2438,0.19
4457,0.09
5325,1.55
3946,0.26
2740,3.5
3444,0.16
7454,0.13
8324,0.19
7300,0.47
1164,0.16
8170,0.13
6555,0.89
817,1.6
7636,0.01
9856,0.19
6097,0.11
6522,0.23
5295,0.1
2092,0.09
4102,1.6
8203,0.46
7854,0.15
2307,0.06
8958,0.05
1271,1.17
8392,0.16
4270,0.12
3213,0.14
4329,0.35
10293,0.12
5726,1.6
8874,0.1
5487,1.45
5806,0.12
7269,0.25
3167,0.1
6269,0.7
934,23.0
9577,0.13
2749,0.26
7259,0.5
6994,0.14
2022,0.06
9981,0.14
7123,0.38
3434,0.89
7308,0.2
2416,0.37
10007,0.01
3567,0.31
5970,0.22
7425,0.36
9194,0.19
2146,0.06
2694,0.38
6115,0.19
5770,0.11
4296,0.89
3214,0.15
154,0.68
5339,0.08
5024,0.1
2665,0.19
6209,0.05
2681,0.8
7502,0.07
4544,0.05
6007,0.04
178,3.5
5298,0.04
559,1.35
6674,0.29
6262,0.18
7407,0.11
8353,0.11
1389,0.19
7571,0.39
1751,0.12
1548,0.4
7254,0.22
1402,0.19
2760,0.04
1110,0.22
7957,0.26
3980,0.04
8248,0.11
3565,24.5
8632,0.24
2001,0.39
6955,0.36
9133,0.12
3377,1.6
845,23.0
5741,1.6
8148,0.1
7086,0.88
3222,0.78
7411,0.36
841,0.72
7302,0.03
8701,0.12
1458,1.39
4745,0.8
9200,0.14
3319,0.1
1353,0.12
404,3.5
1457,0.12
474,0.0
6803,0.04
1889,0.41
3251,0.12
2729,0.36
3687,0.29
9264,0.17
2690,0.12
8434,0.01
8547,0.19
7401,0.06
5224,1.6
2444,0.09
1912,0.18
6083,0.86
5876,0.05
8096,0.01
2368,0.12
3590,0.67
6850,0.12
6023,0.13
1590,0.19
2188,0.06
6659,0.06
2762,0.04
3247,0.35
6580,0.15
4633,0.05
371,0.34
884,1.39
2830,0.15
8900,0.19
3119,0.89
7792,0.11
4785,1.6
1380,0.19
2743,1.6
8796,0.36
6247,0.78
10002,0.04
6186,1.6
6160,0.01
3230,0.47
6372,0.09
4582,0.29
7079,0.05
3211,0.89
4815,0.1
1061,0.12
829,0.68
1039,0.34
3039,1.6
5681,0.14
3669,0.8
10019,0.01
1749,0.04
1327,0.06
5820,0.14
9445,0.66
1090,0.03
7732,0.12
6810,0.13
3389,0.07
5207,0.1
8457,0.13
4370,0.68
3400,0.11
7651,0.14
5158,1.6
7348,0.14
4528,1.6
5004,0.89
969,1.35
7887,0.45
5924,0.04
4970,0.51
1486,0.09
8857,0.16
4339,0.8
7548,0.39
8788,0.13
9808,0.04
6779,0.13
2719,0.22
5306,0.1
8506,0.66
2842,0.21
1639,0.8
5942,1.6
1745,0.01
3841,0.35
2192,0.88
4954,0.8
9114,0.16
7543,0.19
8709,0.43
4982,1.6
7749,0.03
2012,0.01
4909,24.5
7581,0.04
9572,0.01
7071,0.17
7410,0.11
7385,0.01
2876,0.04
1356,0.12
6485,0.89
9240,0.14
8660,0.11
6546,0.1
6303,0.18
8179,0.04
2366,0.4
9492,0.02
4899,0.01
6158,0.24
5696,1.99
8384,0.33
6696,0.19
2888,0.06
3261,0.49
1634,0.34
7848,0.09
7143,0.22
9926,0.39
2458,0.88
3559,0.11
7082,0.31
7283,0.13
2575,0.46
7577,0.14
6628,0.04
1262,1.9
846,1.6
4562,0.22
4940,0.19
2764,1.45
7327,0.16
6096,0.89
7710,0.01
8765,0.1
4066,1.6
1962,0.29
8986,0.19
5588,0.35
6860,0.11
4879,1.6
5621,0.92
6431,1.98
2653,0.19
9015,0.66
9203,0.37
4508,0.25
9901,0.66
317,0.8
8536,0.26
7419,0.15
6013,0.3
6775,0.13
9311,0.13
10218,0.17
5533,0.7
9350,0.11
6257,1.6
5884,0.6
1125,0.72
7829,0.07
5875,0.8
2236,0.07
4386,0.8
8184,0.13
6933,0.03
8016,0.05
1779,0.12
8617,0.04
3058,0.3
4275,0.09
4609,0.82
1363,0.12
6745,0.04
622,0.21
5366,1.0
8310,0.13
7335,0.16
7471,0.23
4498,0.23
4088,0.05
125,1.6
6466,0.05
6672,0.14
1584,0.12
4422,0.1
5528,0.07
3425,0.8
1758,0.16
5527,0.78
7169,0.14
9022,0.05
5346,0.12
6891,0.04
1203,0.15
4453,8.33
1204,0.02
2178,0.8
8842,0.08
9206,0.06
6479,0.75
5966,0.08
6697,0.21
5085,0.8
576,0.46
3558,0.12
8024,0.19
6295,0.1
9125,0.13
1244,0.01
5625,0.04
9967,0.19
1201,0.15
1177,0.4
2687,0.8
5694,0.89
7139,0.14
6469,0.03
4896,0.18
7476,0.06
4614,0.8
432,0.12
10081,0.01
271,0.72
5797,1.6
719,0.55
3811,0.3
7925,0.11
7293,0.12
1718,0.22
8321,0.14
3037,0.1
5179,0.8
6800,0.13
2408,1.6
3122,1.6
485,2.36
1979,0.16
4130,1.45
10053,0.2
5909,0.04
3664,1.6
1193,0.32
7231,0.04
6039,23.0
6690,0.28
232,0.04
3783,0.05
5273,0.01
5108,0.07
2267,0.38
7265,0.25
481,1.68
2920,0.12
44,1.35
7439,0.15
4082,0.89
4540,0.03
6377,0.16
6585,0.13
3169,1.6
958,0.12
1357,0.2
1836,0.15
1988,0.43
1783,0.05
9758,0.16
4553,0.55
3983,0.22
7431,0.09
183,0.05
8804,0.01
8266,0.17
7989,0.19
3332,0.9
621,0.34
7968,0.15
2506,238.65
3751,1.6
7239,0.17
4002,0.12
7118,0.26
5666,0.75
970,1.35
4580,1.6
7221,0.26
5833,0.8
3988,0.75
2253,0.38
1870,0.88
8381,0.11
8557,0.14
1761,0.12
6341,0.16
2473,0.42
5904,1.68
8172,0.05
4164,0.15
4531,0.78
1857,0.19
6971,0.04
3888,1.55
2855,0.28
7879,0.16
8294,0.14
6692,0.04
9873,0.02
5481,0.34
8841,0.4
561,0.72
4367,0.04
5320,0.35
686,0.12
599,0.39
5392,0.75
7445,0.15
7351,0.17
6393,0.21
9349,0.19
2812,1.6
4112,0.14
3130,0.04
223,0.05
6153,0.14
2769,0.89
3960,0.8
3013,0.8
198,0.2
346,23.0
5299,0.9
6879,0.03
5704,0.3
2933,0.04
514,2.75
4055,0.89
7256,0.09
6893,0.11
9722,0.45
1705,0.22
6815,0.16
1803,0.01
1073,0.88
6953,0.15
2441,0.16
10245,0.19
10268,0.11
9792,0.1
2129,0.16
9609,0.16
5808,0.8
4336,0.04
8241,0.08
4122,23.0
9987,0.01
5350,0.36
771,0.7
7933,0.08
9515,0.19
6999,0.04
6228,0.04
893,0.01
5001,0.45
9271,0.36
1011,3.0
26,0.8
7124,0.66
3802,0.75
6519,0.16
5591,0.2
1197,0.42
7173,0.09
7876,0.13
2461,0.19
6328,0.3
4327,0.22
5290,0.24
7315,0.11
7689,0.75
1302,0.41
1182,0.19
8263,0.17
2006,0.03
7391,0.01
8050,0.04
6578,0.06
24,0.72
4814,0.8
1837,0.05
687,3.5
32,0.57
3655,0.03
9020,0.04
6590,0.13
8454,0.35
3639,0.25
1350,0.01
4470,0.04
9656,0.07
9654,0.14
2044,0.37
7821,0.45
743,0.34
6043,1.35
8059,0.26
9442,0.22
1080,0.72
3406,0.06
9564,0.8
6669,0.19
8066,0.35
7624,0.19
6389,0.25
3997,0.73
6920,0.19
5410,0.04
9869,0.05
7245,0.09
4286,0.04
7478,0.12
3560,3.5
3612,0.04
640,0.14
4823,24.5
5796,0.28
8028,0.05
1985,0.06
8766,0.19
4988,0.8
7119,0.07
3674,0.89
1459,0.19
6720,0.04
4435,1.0
3736,0.92
8441,0.01
3262,0.45
472,23.0
2391,1.6
3321,0.01
6625,0.19
1589,0.19
5462,0.8
4951,0.8
7187,0.09
2148,0.03
1211,0.01
1474,0.18
3465,0.16
1317,0.88
3656,0.04
1452,0.12
7697,0.18
4957,0.28
1679,0.07
6717,0.19
5636,1.45
6681,0.19
4225,0.04
8302,0.04
6241,0.12
6887,0.1
6051,0.16
3384,0.12
2854,0.18
8831,0.04
1509,0.4
2238,0.88
7200,0.01
4750,0.22
4120,0.8
3599,0.29
4228,0.12
6698,0.01
5897,1.98
1907,0.72
2759,0.25
363,0.8
111,0.11
1797,0.05
3734,0.06
5683,0.05
7742,0.46
7845,0.19
8107,0.21
9052,0.07
9850,0.01
3541,0.1
916,0.55
4667,0.04
1165,0.35
5669,1.6
9807,0.11
7323,0.47
8091,0.75
4350,0.13
8181,0.05
4668,0.72
6461,1.6
3290,0.68
8048,0.19
6962,0.19
889,0.8
9287,0.04
7022,0.07
3818,0.8
7065,0.04
935,0.67
2780,0.15
8722,0.13
420,0.8
7280,0.05
5769,0.8
836,1.35
441,1.9
765,1.6
10100,0.01
7670,0.14
7593,0.66
7662,0.2
5461,0.17
4541,0.03
7500,0.1
6327,0.04
979,0.14
8902,0.19
7017,0.06
6124,0.05
9865,0.19
9581,0.11
8295,0.07
8258,0.41
6388,0.04
2467,0.06
8269,0.12
2943,0.89
6534,0.89
2676,0.12
1798,0.01
160,1.35
6711,0.01
6584,0.19
2595,0.16
354,1.9
6271,0.3
6806,0.13
8151,0.01
1784,0.88
6619,0.06
2614,0.11
3407,0.19
208,0.0
3632,0.8
9081,0.04
2255,0.19
8369,0.33
7001,0.11
5287,0.38
8735,0.05
2950,0.26
5611,0.13
6988,0.34
6829,0.12
6685,0.05
7477,0.19
2050,0.12
9179,0.14
7569,0.26
707,1.6
5900,0.12
267,0.03
3225,0.37
4623,1.45
2840,0.01
6563,0.04
3078,0.15
676,0.16
5817,0.35
1263,0.29
5660,0.09
9087,0.04
1984,0.01
3641,0.43
6882,0.08
8998,0.66
9693,0.17
3909,0.3
2175,0.72
1376,0.4
4195,0.67
2147,1.35
5446,0.51
6206,0.45
5523,0.8
946,0.68
8220,0.2
458,0.12
5388,0.42
5543,0.8
8225,0.13
5981,0.04
9126,0.04
3747,1.45
8861,0.1
4716,0.11
3049,0.14
1770,1.8
10259,0.06
9738,0.22
4252,0.26
1390,0.13
6749,0.05
2023,0.06
3870,0.11
2157,0.16
4182,0.8
93,0.16
3502,1.82
6654,0.27
9743,0.03
1505,0.41
5027,0.42
5089,0.37
1534,0.0
5976,0.06
8897,0.19
6547,1.6
5774,0.72
4454,24.5
9527,0.37
9752,0.37
1762,0.06
813,0.38
5930,0.12
3178,0.11
842,1.6
6589,0.13
7832,0.14
10287,0.33
10286,0.06
1901,0.12
2029,0.17
8751,0.1
6077,0.11
1454,0.34
1354,0.4
1806,0.12
1344,0.12
7826,0.11
4817,0.03
7668,0.14
3155,0.04
6836,0.21
2374,0.16
2785,0.06
7153,0.04
8218,0.04
7483,0.33
6908,0.16
9235,0.17
2377,0.01
5883,0.14
1942,0.22
6929,0.15
7619,0.66
6404,1.6
1115,0.07
7488,0.09
1062,0.11
2110,1.6
5560,0.8
1791,0.15
1744,0.88
792,0.8
9151,0.2
5996,1.55
8128,0.04
1186,0.23
1833,0.19
1397,0.37
2274,0.19
2013,0.4
9384,0.39
6441,1.6
8655,0.09
8144,0.14
7761,0.07
95,0.17
2915,0.0
7883,0.06
9202,0.06
7023,0.09
5326,0.19
8296,0.36
6845,0.03
1935,0.57
3350,0.24
7880,0.16
1157,0.06
1529,0.16
2850,3.8
2941,0.78
4298,0.12
1660,0.01
4640,0.35
4283,0.15
737,23.0
4097,1.6
5646,0.11
6888,0.12
6316,0.4
4242,0.89
3147,0.01
8758,0.06
6897,0.01
8808,0.16
6073,0.5
1386,0.05
5668,0.8
2065,0.13
9892,0.19
5831,0.12
1694,0.57
4775,1.0
825,1.39
2520,0.16
5317,0.8
1101,0.41
2067,0.05
156,0.57
2548,1.9
6233,0.02
8522,0.22
6149,0.02
3009,0.78
7076,0.19
2894,0.8
360,23.0
1826,0.19
9508,0.14
1571,0.17
4254,0.8
9701,0.01
2414,0.05
6996,0.14
3583,2.36
5449,0.11
7399,0.14
1481,0.18
9704,0.17
2982,0.19
23,0.68
1538,0.34
1517,0.05
6945,0.07
10078,0.17
5369,0.91
7207,0.28
1341,0.05
6399,0.16
6789,0.16
6042,0.09
6099,0.04
6214,0.89
4876,0.67
520,3.0
980,1.6
5947,0.16
450,0.12
1742,0.16
543,0.72
7937,0.16
3460,0.01
7868,0.01
1336,0.88
6183,2.5
5409,0.09
8424,0.33
8554,0.66
1365,0.15
5472,1.6
1915,0.01
4821,0.07
10150,0.16
7077,0.05
1959,0.09
843,3.0
6942,0.14
9587,0.11
2169,3.0
2683,0.8
577,0.72
4036,0.08
7064,0.26
5659,0.04
6961,0.11
5191,0.8
7836,0.37
2337,0.14
5372,0.15
342,1.35
8564,0.14
5036,0.01
2961,0.12
588,1.39
888,0.8
3483,0.11
508,3.5
4080,0.8
8387,0.45
10281,0.11
1374,0.57
8844,0.11
7840,0.01
598,0.68
9238,0.19
2143,0.8
2706,0.8
605,0.01
2194,0.05
4148,0.04
1910,0.03
3397,0.04
9612,0.05
2771,0.05
8762,0.37
7642,0.01
8420,0.19
7743,0.13
3774,0.14
4883,0.11
2053,0.19
6343,3.5
6606,0.26
5059,24.5
9789,0.16
4413,0.66
1807,0.15
8067,0.14
366,0.72
7027,0.04
6901,0.06
6552,0.04
6344,0.08
7784,0.35
3498,0.8
3798,0.27
4747,0.11
216,1.35
5903,0.14
1871,0.34
6400,0.72
1096,0.0
2607,0.8
9468,0.01
3624,0.35
3769,0.08
5717,0.19
8427,0.05
4767,0.23
3593,0.43
7765,0.21
9351,0.19
6868,0.04
9004,0.22
2985,0.79
2205,0.12
5937,0.07
5054,0.1
6700,0.12
7235,0.25
1971,0.01
2189,0.2
5563,0.15
3216,0.13
7440,0.15
1083,0.34
5703,0.8
3561,0.04
5911,0.11
2355,0.16
155,0.8
3626,0.05
4966,0.39
4586,0.07
2917,0.67
4069,0.04
8527,0.12
4712,0.05
3067,0.35
6045,0.19
5494,0.15
5070,1.6
2910,0.11
4185,0.04
9377,0.39
9163,0.04
1820,0.05
5620,0.89
167,1.35
7851,0.11
2924,0.61
10160,0.08
7996,0.1
3575,0.98
9378,0.16
3413,0.89
10132,0.75
5200,0.34
6174,0.38
8924,0.31
6259,0.89
3492,0.2
2415,0.2
3168,0.12
5977,0.35
4826,0.89
7026,0.13
3648,0.11
7564,0.09
3433,0.08
43,0.72
1265,0.29
4920,0.16
2543,0.34
8116,0.04
3739,0.11
3675,0.16
9544,0.07
9668,0.18
9996,0.29
1602,0.15
4837,0.39
7456,0.16
9208,0.01
677,0.13
6103,0.6
5497,0.1
4402,0.35
4725,0.8
9322,0.12
9084,0.18
3175,24.5
5982,0.35
115,3.5
7768,0.35
1668,0.4
6325,1.6
4020,0.15
6892,0.14
6781,0.13
3730,14.04
6743,0.04
7115,0.15
7994,0.04
6319,0.11
7524,0.04
4167,0.01
9679,0.04
818,0.12
9757,0.16
3412,0.11
2024,0.2
1623,0.6
484,0.8
3688,0.12
9616,0.44
2951,0.15
10206,0.14
10015,0.66
3437,0.8
3125,0.89
1966,0.14
515,2.75
3203,0.15
5932,0.11
3566,0.8
3619,0.04
2628,0.16
4818,0.89
3288,24.5
674,0.68
6394,0.22
8375,0.03
2639,1.6
3842,0.23
9823,0.32
4813,1.6
8340,0.03
815,0.72
4331,0.8
7029,0.13
7475,0.33
5133,1.12
4991,0.8
3232,0.2
8432,0.88
1637,0.8
3440,0.04
6812,0.04
3472,1.6
6065,24.85
2916,0.8
7413,0.03
5710,0.09
7734,0.13
8073,0.04
6229,1.6
10217,0.1
5706,0.04
4891,0.89
5565,0.25
6444,0.15
6990,0.16
1816,0.27
7637,0.05
959,0.06
5586,0.31
942,0.05
4231,0.11
4149,0.1
3949,0.14
3715,1.6
4363,0.04
9700,0.16
9339,0.04
1524,0.18
6769,0.18
2558,0.12
4335,0.12
4309,0.8
3117,0.07
3050,1.0
4284,1.6
1320,0.07
3608,0.8
1134,0.88
9904,0.39
699,3.0
1775,0.12
7777,0.01
3063,0.12
8639,0.13
5025,1.45
1941,0.06
3129,0.01
1112,0.16
718,1.6
7592,0.14
3823,0.12
5297,0.11
4967,0.67
2546,0.46
1790,0.02
5530,1.11
9023,0.67
6086,1.6
4593,0.11
8352,0.08
3778,0.78
7155,0.14
9970,0.01
85,0.14
3317,0.04
6809,0.18
10221,0.06
3803,0.8
5162,0.38
1058,0.03
8649,0.13
1400,0.13
6454,0.11
5473,0.32
3793,0.1
9925,0.39
4262,0.34
4793,0.09
6930,0.19
7496,0.01
7246,0.13
8347,0.15
7517,0.02
5898,0.11
9047,0.14
6285,0.22
9893,0.13
1349,0.06
2064,0.02
10126,0.22
4999,0.47
4449,0.14
1375,0.05
3307,0.89
4530,0.04
5613,0.14
7831,0.13
2710,0.34
2720,0.9
2102,0.18
1314,0.28
9314,0.1
3882,0.1
6198,0.04
2099,1.6
9313,0.33
1593,0.32
8640,0.16
2963,0.72
8252,0.13
9123,0.04
1139,0.16
3878,0.11
5371,0.6
5112,0.11
7480,0.28
4677,0.92
2695,0.12
944,0.46
5657,0.01
1763,0.12
2256,0.88
7927,0.1
1465,0.03
7266,0.25
9852,0.15
3356,0.0
7408,0.11
1387,0.88
3011,0.75
6839,0.16
7691,0.18
357,0.04
3486,0.89
1175,0.4
6495,0.82
3696,1.99
1456,0.07
9716,0.17
6679,0.05
1318,0.41
9299,0.06
721,0.15
4947,0.8
10299,0.15
4726,0.8
7007,0.1
4250,0.08
2163,0.14
9268,0.06
977,1.6
8291,0.07
7585,0.06
8513,0.04
3488,0.8
5046,0.16
8393,0.06
2633,0.03
6442,1.6
1237,0.8
3269,0.31
7731,0.04
8847,0.36
2552,0.12
9611,0.48
4364,0.8
1943,0.12
1511,0.0
2440,0.88
9689,0.16
2730,0.04
6471,0.04
255,0.9
1504,0.34
1829,0.15
9467,0.04
7657,0.2
6814,0.44
1455,0.11
10181,0.08
10021,0.3
3218,0.16
7671,0.24
7763,0.4
7152,0.14
2233,0.37
6670,0.22
7853,0.16
2745,24.5
5014,0.11
362,1.6
9768,0.07
6052,0.14
6191,1.6
6009,0.12
7338,0.12
9415,0.19
175,0.7
8939,0.39
4863,1.0
1543,0.16
6910,0.09
5284,0.11
3698,1.6
3386,0.08
297,0.27
6998,0.01
7785,0.14
3568,0.38
6842,0.04
2560,0.01
7770,0.16
6092,0.8
1983,0.4
8615,0.18
8449,0.18
2735,0.89
1124,0.07
4908,0.11
5598,1.6
2281,0.07
3816,0.14
4043,0.78
8390,0.32
5242,0.1
9316,0.03
7156,0.07
3945,0.13
1592,0.88
8794,0.14
3184,0.36
9969,0.26
8102,0.02
2273,0.19
5557,0.11
512,0.23
8646,0.13
8104,0.04
5237,0.07
4116,0.8
2646,0.05
5022,0.89
2795,24.5
3840,0.22
3298,0.89
5436,0.53
2744,0.11
3524,0.2
8222,0.46
5802,0.22
1564,0.06
1689,0.16
910,0.8
6752,0.56
3240,0.13
4268,0.34
6405,0.8
8239,0.04
8727,0.14
4859,0.16
1084,0.12
7091,0.06
1060,0.07
221,23.0
3394,0.27
1478,0.07
5265,0.35
3569,0.14
3861,0.8
1522,0.4
8187,0.03
4058,0.04
33,0.14
7216,0.04
2164,0.18
4198,0.1
7051,0.05
2456,0.38
7486,0.19
1339,0.12
4307,30.0
4686,0.89
3485,0.14
3423,1.6
3600,0.03
6120,0.04
7330,0.18
5509,0.89
8706,0.11
6595,0.01
1373,0.37
168,1.6
7635,0.26
4579,0.8
1335,0.72
8849,0.11
5960,1.6
9573,0.16
4117,0.04
247,0.61
3939,1.83
6104,0.14
600,0.12
9301,0.13
2707,0.38
9307,0.12
7122,0.04
580,0.15
3028,0.47
5599,0.8
8834,0.01
5171,0.37
9074,0.22
8677,0.04
5574,1.62
4990,0.8
9310,0.16
467,1.6
2965,3.5
2367,0.16
907,0.8
63,0.08
6587,0.02
1462,0.54
3286,1.6
6602,0.05
1086,0.06
9234,0.4
6004,0.8
6794,0.04
7870,0.19
1725,0.68
7680,0.07
8389,0.32
6883,0.11
2921,0.22
4628,0.78
5912,0.23
9265,0.08
4304,0.02
7583,0.12
3784,0.8
8278,0.2
3833,0.1
4073,0.3
7426,0.16
1174,0.34
6586,0.06
6695,0.19
1740,0.06
8746,0.1
1812,0.15
2335,0.03
7824,0.37
6290,1.0
1729,0.07
6480,0.28
6813,0.22
6605,0.26
4894,0.43
4184,1.6
7884,0.06
1401,0.12
3753,0.12
7053,0.36
7988,0.12
3748,24.5
1923,0.01
1212,0.02
5828,0.11
27,0.8
1986,0.05
2774,0.05
9444,0.04
9324,0.13
1869,0.18
9109,0.04
5570,0.35
8785,0.16
6556,0.01
7861,0.04
6764,0.12
1316,0.12
7162,0.26
2802,0.66
8598,0.04
109,3.5
711,0.02
1736,0.15
6297,0.14
7310,0.04
5848,0.04
2994,0.8
4855,0.23
4707,0.08
3495,0.22
5433,1.6
5066,0.8
7911,0.06
2939,0.1
5689,0.68
773,0.7
10099,0.22
6397,1.6
5583,0.13
6503,0.1
9712,0.01
7804,0.16
7206,0.28
7553,0.39
5628,0.0
2338,0.06
4193,1.6
7279,0.05
7665,0.04
6832,0.16
6655,0.39
1128,1.6
3163,0.1
7955,0.19
6820,0.04
5687,0.67
1484,0.03
2680,0.05
2227,0.88
1081,0.01
4572,0.04
5114,0.14
7639,0.3
8462,0.15
6658,0.13
5000,0.8
6237,0.8
593,0.41
1967,0.4
7448,0.03
6784,0.13
9258,0.01
9419,0.19
220,23.0
5971,1.6
9470,0.01
6936,0.06
5426,0.8
7138,0.01
4827,0.11
3546,0.13
4465,0.02
9538,0.14
8301,0.01
5569,1.55
9662,0.01
1286,0.03
5542,1.6
2746,0.03
1239,0.06
5990,1.0
1364,0.14
6811,0.22
1202,0.13
3118,0.16
4429,0.09
5251,1.6
1554,0.07
2815,0.03
2206,0.57
4438,0.67
7145,0.43
1728,0.13
3943,0.01
7544,0.19
4394,0.89
7185,0.07
6884,0.18
1014,0.72
6542,0.16
10220,0.36
1246,0.14
4554,0.13
6995,0.15
4948,0.1
4922,0.68
5576,0.89
308,0.02
5439,0.8
8256,0.06
1978,0.03
7452,0.11
2645,0.05
5424,0.05
1865,1.39
5767,0.12
3700,0.18
8231,0.18
6833,0.12
6063,0.35
3773,1.0
9859,0.06
5303,0.17
6748,0.19
2986,0.16
5172,0.04
5138,0.72
6163,0.89
8578,0.12
2497,0.12
3284,1.6
7971,0.05
9579,0.22
10085,0.01
9842,0.04
1063,0.54
568,1.35
5160,0.08
6652,0.04
3445,0.03
681,1.5
2204,0.46
9682,0.16
1343,0.16
2912,0.8
4875,0.19
6144,23.0
3851,1.6
9204,0.19
7589,0.25
7812,0.06
7576,0.19
87,0.12
9995,0.01
2911,1.45
2436,0.37
8763,0.01
1650,0.03
9119,0.04
4458,0.8
3071,0.8
9898,0.16
6315,0.89
5340,0.01
5063,0.8
8570,0.66
6969,0.45
7612,0.05
6867,0.04
7776,0.49
8004,0.19
1949,1.9
2998,0.8
799,0.39
4227,0.15
5222,0.04
5385,0.78
400,0.11
6541,0.19
1755,0.88
564,3.5
7154,0.01
827,0.8
606,0.7
3152,0.51
7910,0.11
2796,0.8
6218,0.83
8348,0.14
6182,0.09
3987,1.6
3451,0.89
1248,0.6
7882,0.19
2679,0.02
4670,0.8
734,3.0
5166,0.8
6379,0.8
1508,0.16
7450,0.01
8654,0.12
8350,0.09
5281,0.09
3511,0.7
5587,0.89
10184,0.07
8418,0.19
4440,0.8
6968,0.11
4637,0.68
8199,0.4
4290,0.38
4280,0.1
7161,0.14
4202,1.6
6562,1.6
3344,0.8
3737,0.06
4704,0.89
3644,0.13
4441,0.05
6588,0.04
8837,0.03
5776,0.12
1512,0.12
7222,0.18
8459,0.1
1132,0.12
8005,0.15
7044,0.01
4460,0.89
5762,0.25
2329,0.41
2034,0.37
1906,17.12
2717,0.62
3161,0.43
7353,0.04
5526,24.5
5895,0.89
3113,0.11
2396,0.03
8079,0.04
9723,0.01
302,1.6
29,0.03
3405,0.8
8378,0.11
1150,0.12
172,0.72
3538,0.22
3879,0.8
8279,0.01
9095,0.37
2095,0.18
2768,0.22
3336,0.1
3609,0.89
738,23.0
832,0.17
7417,0.19
3438,0.05
1094,0.72
2261,0.04
38,1.9
9505,0.06
7320,0.22
7427,0.09
4214,0.75
7150,0.14
4087,0.8
2996,0.05
3903,0.33
1473,0.72
1989,0.04
196,0.7
177,0.72
8974,0.04
5378,1.6
8032,0.04
5645,0.01
4162,1.6
1809,0.19
9745,0.1
8023,0.39
8084,0.09
6827,0.16
123,3.0
8283,0.06
3441,8.33
3536,0.12
6215,0.03
9626,0.04
3254,0.15
5212,0.8
8292,0.07
5411,0.16
8029,0.05
8584,0.24
8999,0.14
4663,0.05
3085,0.1
9363,0.01
10219,0.14
9992,0.04
1019,0.72
6808,0.04
4314,0.04
5083,24.5
1085,0.09
8799,0.04
9613,0.05
2119,0.16
6980,0.01
1392,0.04
6938,0.19
3671,1.6
2886,0.09
6729,0.04
4763,0.11
9421,0.04
3643,1.6
8717,0.35
6458,1.6
7184,0.07
7481,0.06
2674,0.19
8143,0.19
4297,0.1
4072,0.8
899,0.34
5362,0.0
122,3.5
1179,0.05
7243,0.04
7041,0.04
62,0.04
3411,0.78
7172,0.14
3021,3.8
1394,0.04
1921,0.72
4219,0.04
6185,0.02
1044,0.03
2817,0.77
8602,0.04
6464,0.01
7025,0.03
4433,0.89
1636,0.11
2062,0.04
3814,3.8
1643,0.54
7403,0.03
1563,0.12
5243,0.75
9534,0.04
3055,0.04
5751,0.12
3456,0.26
1059,0.12
116,0.8
7289,0.08
7766,0.2
6905,0.12
9093,0.05
3657,0.8
2340,0.06
4047,0.68
7844,0.09
119,2.75
5341,0.3
4086,0.22
4121,1.35
6357,0.21
4564,0.14
5223,0.15
3701,0.18
6650,0.19
3209,0.1
9453,0.3
3180,0.11
3285,0.14
6699,0.19
3974,0.12
1199,0.13
6201,0.05
833,23.0
1240,1.6
7862,0.01
2981,0.8
5216,0.37
6280,0.22
2187,0.16
3109,0.1
2347,0.41
3148,0.1
8524,0.04
6053,1.6
7389,0.06
10200,0.37
5651,1.45
3777,0.72
9321,0.32
1533,0.72
6533,0.82
7004,0.16
7140,0.04
9978,0.66
8415,0.04
10225,0.4
704,0.05
2989,0.1
7261,0.24
1746,0.06
3834,0.38
9575,0.16
8300,0.11
2973,24.5
9832,0.11
9760,0.04
3576,24.5
3506,0.11
8217,0.16
6804,0.13
6021,0.04
6661,0.06
3051,0.11
7228,0.13
5810,0.51
8264,0.16
8520,0.04
3874,0.89
7842,0.4
8959,0.05
1114,0.0
3935,0.8
6902,0.06
6531,0.23
7128,0.04
6011,0.13
5928,0.26
6132,0.72
1495,0.72
6935,0.36
8274,0.17
6801,0.18
4949,0.01
3463,23.0
592,0.04
7849,0.06
5601,24.5
4638,1.6
9946,0.05
7061,0.13
3229,0.04
9562,0.47
5102,0.11
3191,0.05
3034,0.04
8047,0.29
2333,0.05
2409,0.88
1893,0.8
3022,0.1
4265,0.04
6600,0.11
5332,0.05
4029,0.8
5205,1.6
4639,0.72
6740,0.2
2429,0.35
4094,0.92
3396,0.26
263,2.75
9746,0.03
6703,0.14
1976,0.09
7347,0.17
228,0.8
2418,0.03
4919,0.14
2900,0.92
7724,0.22
4679,0.14
9335,0.3
10066,0.14
5142,0.14
6347,0.18
2508,0.05
5735,24.5
3107,24.5
5944,0.05
7220,0.19
1905,0.34
2435,0.05
4347,0.08
6143,0.16
7367,0.14
7312,0.16
2705,0.29
1926,0.41
3351,0.01
2864,0.03
7860,0.16
2902,0.8
6509,0.1
1672,0.88
4518,0.1
4018,0.07
9337,0.23
6864,0.35
1685,0.88
1098,0.41
7331,0.12
9161,0.07
772,0.33
1566,0.01
1100,0.01
1329,0.16
9459,0.04
733,1.9
8526,0.3
294,0.41
7698,0.12
4555,0.8
6294,1.55
563,0.8
4902,0.1
6374,0.1
6084,0.8
6799,0.04
4155,0.07
6786,0.18
1872,0.8
4565,0.8
4924,0.89
9079,0.5
5786,0.68
4487,1.6
7917,0.32
89,0.14
8896,0.36
3755,0.08
596,0.03
9352,0.11
1120,0.4
2574,0.03
4977,0.2
7398,0.04
8612,0.1
2465,0.15
6877,0.14
10020,0.14
7855,0.36
5440,0.3
5110,0.8
1121,0.8
1549,0.4
9199,0.04
7803,0.12
3096,0.18
1557,0.88
5701,0.12
6220,0.8
9953,0.19
7684,0.22
608,0.04
7442,0.16
4019,0.01
4174,0.08
7424,0.45
6665,0.01
6526,0.04
9761,0.19
6553,0.43
9854,0.15
5048,0.05
7753,0.47
5644,0.47
6951,0.14
8571,0.14
356,0.72
8577,0.19
7130,0.3
9749,0.14
9278,0.14
6621,0.16
694,1.35
3310,0.89
7687,0.04
8429,0.05
3543,0.89
3239,0.11
229,3.0
2898,0.12
7998,0.1
3212,0.14
7859,0.01
2897,0.05
1813,0.88
9060,0.24
2263,0.15
7897,0.03
9870,0.13
4233,0.8
6972,0.07
6019,0.16
582,0.04
438,0.17
4000,1.6
1399,0.15
3889,0.04
6688,0.01
6634,0.02
8928,0.19
8262,0.19
9532,0.75
6641,0.12
3592,0.51
8528,0.3
1006,0.8
5352,1.6
5618,1.6
3006,0.8
7209,0.18
217,23.0
7522,0.16
2356,0.8
1945,0.06
4376,0.43
8690,0.04
4186,0.25
6142,0.89
1122,0.06
3164,0.11
7762,0.03
8110,0.12
3303,1.6
7631,0.29
4643,0.68
6348,0.04
8328,0.04
3513,0.38
2604,0.06
9252,0.14
678,0.72
7801,0.1
4583,0.78
695,1.35
4845,0.1
2572,0.12
6358,0.8
9627,0.05
10247,0.1
9065,0.14
10051,0.14
8742,0.03
2966,0.01
9067,0.04
6254,2.75
8597,0.09
8190,0.16
8893,0.07
4217,1.35
8558,0.01
1732,0.13
7213,0.56
6636,0.15
4062,24.5
8562,0.05
6874,0.04
10165,0.08
9106,0.05
3516,0.61
166,1.6
2715,1.6
9783,0.03
7406,0.01
4194,0.28
4874,0.2
6055,0.15
9246,0.4
6821,0.44
7379,0.36
5603,0.61
7999,0.16
4181,24.5
5551,0.04
4631,1.6
8242,0.35
1832,0.06
3681,0.16
7718,0.01
4209,0.09
212,0.34
2829,0.8
1209,0.42
9083,0.18
3415,0.08
2419,0.01
1347,0.06
3800,0.16
2316,0.36
3729,0.11
2239,0.32
9697,0.11
6922,0.14
8854,0.03
7778,0.12
1781,0.88
7060,0.05
5140,0.89
6823,0.16
3670,0.8
9905,0.04
9486,0.14
2547,0.12
698,0.8
5745,0.12
7976,0.11
4183,0.11
7885,0.07
2932,0.8
6952,0.36
5558,0.07
5871,0.08
7066,0.15
9714,0.01
2997,0.04
2686,0.11
933,0.72
6943,0.07
3093,0.12
8764,0.17
2597,0.8
569,1.6
6494,0.8
5056,1.68
5093,1.6
8227,0.2
3273,0.09
8030,0.15
9779,0.04
8161,0.18
6640,0.3
6683,0.14
747,1.39
1162,0.4
5732,0.01
8169,0.05
6675,0.01
3150,0.8
7575,0.24
7863,0.09
6663,0.04
2405,0.88
7727,0.44
7052,0.15
3390,0.03
2059,0.19
5055,1.6
9737,0.14
3328,0.62
197,1.39
1720,0.05
10030,0.14
3023,0.0
213,0.12
3365,0.8
2272,0.12
3395,3.5
2734,0.3
4068,0.1
3775,1.83
3912,0.78
4690,0.8
455,0.12
8992,0.13
1884,0.03
46,0.38
5529,0.89
2557,0.05
118,0.23
6145,0.43
4016,0.89
7387,0.37
8498,0.13
7013,0.32
4049,0.03
2896,0.07
328,0.42
5513,0.04
1460,1.39
7604,0.36
3757,0.12
3817,0.12
8689,0.04
1092,0.01
3617,0.18
4616,0.1
2637,0.16
4300,0.8
7610,0.14
2625,0.06
7783,0.22
4751,0.38
2185,0.07
425,0.8
7745,0.12
6925,0.04
9440,0.05
1297,0.57
7990,0.16
4678,0.01
2016,0.19
6624,0.19
6862,0.11
9303,0.04
6639,0.01
7314,0.14
4118,0.01
9781,0.16
649,0.07
3091,0.14
4804,0.89
3925,0.1
7953,0.04
396,0.8
5896,0.7
3072,0.21
3068,0.79
2201,0.13
6455,0.89
7647,0.19
4486,1.6
7510,0.15
2357,0.09
1819,0.12
6162,1.45
5867,0.72
7881,0.06
6755,0.12
9762,0.36
9402,0.19
2364,0.12
3519,0.1
1009,0.22
7963,0.19
3764,0.35
3735,0.35
6490,0.8
10077,0.25
5051,0.16
4052,0.1
3709,0.03
451,0.12
3100,0.61
8907,0.88
8068,0.04
8580,0.14
4165,1.6
4606,0.8
5524,23.0
9645,0.4
4006,0.89
191,0.02
1303,0.13
3902,0.05
1567,0.34
9574,0.12
8659,0.22
1381,0.34
7055,0.13
1516,0.06
3635,0.08
4648,0.01
9584,0.22
3797,0.1
4965,0.75
365,1.6
7092,0.16
943,0.38
7643,0.14
953,0.37
5880,0.1
9488,0.22
5602,1.6
7344,0.37
5849,0.67
4168,0.18
1447,0.07
162,0.03
8852,0.11
3877,0.8
4115,0.03
3553,0.11
8081,0.01
8583,0.3
2837,1.6
3868,0.5
6734,0.18
9526,0.04
9736,0.35
5156,0.51
5478,0.8
4109,0.44
5294,0.14
1285,0.18
3850,0.04
9879,0.06
8356,0.04
2026,0.88
3613,0.05
2221,0.12
9122,0.05
5201,0.7
6224,0.35
3275,0.89
6300,0.01
7109,0.1
7533,0.19
6802,0.11
7518,0.39
6914,0.07
3936,0.6
6205,0.04
174,0.7
7113,0.32
1673,0.05
2606,0.34
10192,0.11
5829,1.55
9410,0.14
1475,0.06
3887,0.1
2647,0.16
6375,0.1
5368,0.11
2980,1.6
3697,0.78
4361,0.09
5506,0.8
7978,0.05
2801,0.68
717,0.03
7116,0.05
8146,0.05
9455,0.01
7956,0.05
8281,0.14
3603,0.05
6759,1.6
7358,0.19
4860,0.04
7598,0.66
1539,0.14
5962,0.56
7148,0.09
4357,24.5
6954,0.19
853,1.6
8045,0.14
10125,0.11
6049,1.6
1922,0.41
7316,0.04
2858,1.6
5489,0.26
8323,0.01
850,0.12
8731,0.11
7010,0.06
7965,0.02
8464,0.16
2578,1.6
6603,0.17
2953,0.26
6993,0.16
9713,0.07
5604,0.89
4578,0.82
8022,0.12
6395,0.8
7134,0.12
264,0.7
4444,0.25
3742,0.15
3031,0.3
8814,0.13
848,0.34
4344,0.35
3738,0.28
8316,0.14
3301,1.6
1681,3.0
7171,0.14
856,0.3
5044,0.8
3578,0.04
1007,0.8
8335,0.03
8563,0.33
5978,0.89
2972,24.5
7093,0.19
6382,0.35
6618,0.15
3383,0.15
4601,0.26
1556,0.88
3947,0.27
6855,0.07
6900,0.01
3594,1.52
8817,0.04
844,1.6
5913,0.37
7080,0.17
9837,0.12
7934,0.15
8860,0.11
10267,0.45
8600,0.04
542,1.6
9255,0.36
1152,1.68
4723,1.6
4256,0.23
2791,0.1
6622,0.19
3419,0.04
7615,0.04
837,1.68
7611,0.03
3689,0.8
5169,0.7
6976,0.14
3171,1.6
7333,0.08
6196,0.16
6760,0.18
5763,0.37
3684,1.6
4935,0.12
7964,0.05
7620,0.14
5204,0.8
7815,0.41
2252,0.88
6181,0.05
7752,0.11
9495,0.27
2594,0.4
7422,0.06
2365,0.67
4831,1.6
4769,0.15
2893,0.89
6713,0.19
5997,0.11
4032,0.03
1800,0.15
5705,0.72
2216,0.19
7352,0.04
2526,0.34
5182,0.5
2945,0.1
6401,0.72
6566,0.23
4418,0.43
9563,0.1
3352,0.79
7211,0.01
6570,0.04
1489,0.34
3654,0.01
6707,0.01
5757,0.04
7012,0.15
2975,0.22
1796,0.19
5148,0.14
4001,1.35
8426,0.15
6537,0.14
7795,0.12
120,0.23
5686,0.83
2757,0.1
8828,0.01
7443,0.11
1981,1.6
7075,0.15
8929,0.15
124,0.12
74,15.0
9164,0.01
5999,1.82
7336,0.41
9176,0.07
6477,0.56
7578,0.01
2282,0.05
4848,0.51
7218,0.37
5617,0.1
2872,0.21
8072,0.14
1415,0.39
8249,0.35
4360,0.8
7311,0.16
4517,1.73
6863,0.16
6852,0.46
1690,0.34
1102,0.01
1194,0.17
7000,0.1
8560,0.04
2155,0.22
461,0.7
1992,1.6
5678,1.6
6970,0.04
8855,0.03
6501,0.1
9270,0.07
1881,0.8
7192,0.3
9513,0.01
3801,0.25
6828,0.18
6739,0.12
398,0.7
3588,0.23
5824,0.75
3647,0.12
3026,0.82
2528,0.03
3241,1.6
4205,0.1
3061,0.12
5468,0.12
6919,0.04
2140,0.03
1049,0.14
6369,0.7
9277,0.11
7484,0.15
4342,0.14
10246,0.14
5292,0.18
3099,0.11
4872,0.15
5555,0.48
4483,0.89
548,0.55
7395,0.17
6076,0.11
8827,0.01
4673,0.75
6087,0.1
7461,0.32
3066,0.62
7703,0.04
4077,0.15
7494,0.19
2501,1.39
3086,0.8
4098,0.89
6774,0.56
1249,0.8
2722,1.6
4287,0.1
5578,0.51
851,3.5
5318,1.45
6426,0.8
8710,0.35
8546,0.04
7769,0.35
516,1.6
2617,0.2
4063,0.14
2341,0.34
3236,0.89
2844,0.78
9379,0.15
3703,1.45
7599,0.29
7008,0.15
1119,0.03
2999,1.6
3016,0.16
3630,0.03
5483,0.18
5804,0.8
169,1.6
4054,0.12
8423,0.39
4981,0.15
7281,0.04
5845,0.03
9595,0.13
1727,0.34
5972,0.06
1370,0.88
4151,0.23
7487,0.19
839,5.08
3330,1.6
2197,0.88
2655,0.05
9222,0.11
6521,0.05
5447,0.1
9872,0.13
10186,0.01
4740,0.12
10292,0.15
9489,0.14
176,1.6
171,1.35
1326,0.88
725,0.0
2763,0.11
8921,0.15
9210,0.0
2149,0.41
3944,1.6
4138,0.1
1546,0.44
2862,0.14
5383,0.8
4511,0.07
4469,0.12
5728,0.8
1319,0.16
5329,0.09
9927,0.39
1640,0.34
2688,0.85
9483,0.09
9387,0.26
8055,0.15
1586,0.33
5069,0.04
3001,0.15
6502,0.11
9269,0.19
5780,0.8
463,1.6
4369,1.35
266,2.75
5357,0.26
7447,0.07
10276,0.15
4378,0.8
5956,0.1
6508,0.67
8069,0.28
1052,0.05
6453,0.03
1372,0.05
214,1.5
9172,0.12
1133,0.16
5225,0.98
6593,0.01
2066,0.05
3302,0.04
2733,0.11
344,0.12
9257,0.01
5699,0.14
8318,0.15
8166,0.18
5519,1.45
8458,0.19
4431,1.6
5823,0.75
6733,0.18
4338,0.16
912,3.5
1278,0.07
7817,0.13
6776,0.01
1780,0.88
1477,0.18
5906,0.18
4759,0.26
2766,0.51
6818,0.08
1304,0.28
7931,0.16
7438,0.04
3393,0.67
7932,0.16
6510,8.33
9588,0.13
6939,0.11
4519,0.8
4405,0.72
9019,0.25
4903,0.89
8726,0.04
3996,0.12
6847,0.04
4910,0.03
7009,0.11
5634,0.04
394,3.5
5709,1.6
6837,0.46
7702,0.18
2228,0.19
8716,0.18
9296,0.05
3143,0.92
9279,0.06
2249,0.07
3756,0.86
4390,1.6
914,1.35
2472,0.39
6284,0.13
6744,0.04
5943,0.7
3025,0.89
5370,0.82
6871,0.43
2469,0.57
6411,0.36
8360,0.34
1713,0.18
6415,0.8
1183,0.12
10310,0.06
7460,0.09
8770,0.14
5795,0.04
4042,0.04
8471,0.19
9661,0.04
9610,0.13
3380,0.55
7334,0.2
7696,0.5
4764,0.04
7181,0.01
5639,0.18
10090,0.16
9166,0.22
3812,0.55
5914,0.89
8714,0.35
7355,0.04
6046,1.82
9903,0.66
5399,1.45
6721,0.3
3474,0.89
2570,0.11
2142,0.4
4355,0.06
2885,0.8
7865,0.16
4261,0.25
4332,0.11
6635,0.06
9556,0.04
2723,0.01
5640,1.45
5438,0.25
9683,0.17
3961,0.4
7368,0.04
6422,0.92
4502,1.6
2851,0.14
4399,0.01
2565,0.12
7809,0.14
2370,0.41
3921,0.11
7798,0.03
3024,0.1
4856,0.89
258,0.34
4575,5.0
7767,0.14
3264,3.25
5377,0.8
4701,0.28
7546,0.19
7170,0.14
8157,0.04
1482,0.07
2724,1.35
8985,0.27
4215,0.78
3195,0.15
5739,0.1
7961,0.04
9552,0.24
9482,0.12
7423,0.04
10168,0.04
3378,3.5
4543,0.01
3768,0.11
1536,0.16
10167,0.43
1280,0.07
7530,0.02
9025,0.01
3003,0.78
3242,1.6
3875,0.8
3402,0.78
1523,0.05
28,0.8
4187,0.13
9866,0.19
3981,0.05
5126,0.89
8898,0.07
954,0.08
1451,0.09
3754,0.68
7526,0.12
6171,0.1
3428,1.6
1568,0.04
9070,0.18
235,0.7
2823,0.01
3420,0.04
5556,0.13
9934,0.1
7644,0.14
8891,0.01
6504,0.11
1918,0.41
1206,0.01
8790,0.03
9223,0.06
3596,0.89
6753,0.04
2096,0.06
6548,0.04
4349,0.43
3267,0.67
2860,0.23
262,0.2
7678,0.04
9688,0.45
4226,0.2
921,1.39
318,0.8
10052,0.04
4241,0.2
4234,0.22
143,0.12
4411,1.05
6992,0.45
5391,0.8
6105,0.1
8259,0.08
8748,0.41
2948,0.11
6232,0.43
7701,0.24
6166,1.45
5661,0.15
3791,0.45
7177,0.29
6306,0.92
475,0.15
9867,0.26
251,0.15
4144,0.2
5434,3.5
7126,0.04
3991,0.8
369,0.7
7378,0.11
1811,0.88
1281,0.22
7779,0.35
5729,0.11
10031,0.01
5939,0.8
2663,0.19
7306,0.01
6785,0.13
1261,0.18
5343,0.3
591,0.72
6583,0.11
6746,0.24
3469,0.75
3863,0.8
5520,0.15
3282,0.04
480,0.08
7002,0.12
10203,0.2
7726,0.18
3663,0.89
8095,0.15
3705,0.11
2260,0.12
5130,0.5
6817,0.22
4317,0.15
7835,0.4
3843,0.11
9189,0.14
4974,0.35
4095,0.05
6385,0.01
616,0.05
5697,0.01
1737,0.03
8927,0.13
7872,0.01
4161,0.78
4101,0.11
10255,0.16
1741,0.16
9675,0.35
2716,0.8
9877,0.15
7088,0.01
4281,0.8
3976,0.23
6895,0.09
2908,0.78
1264,0.34
2049,0.02
6985,0.07
1252,0.06
1686,0.8
8074,0.02
5925,0.89
1503,1.9
3035,0.04
5608,1.6
9469,0.04
9951,0.04
64,0.02
8447,0.17
5655,0.2
6189,0.14
5837,0.04
164,0.8
7565,0.15
6861,0.14
6020,0.7
5448,0.14
4534,0.14
3904,0.76
3570,1.6
2962,0.92
2871,0.67
7015,0.13
5457,0.1
2011,0.12
4666,0.04
3270,0.05
4900,0.27
7059,0.26
4573,1.35
6727,0.14
5857,0.65
7717,0.01
9601,0.48
5600,0.78
7404,0.09
4655,0.13
234,1.68
7248,0.8
9894,0.05
9100,0.02
6346,0.06
6176,0.11
8685,0.02
770,0.61
4661,0.8
6934,0.01
7893,0.33
3532,0.23
1463,0.54
7482,0.33
3475,24.5
1340,0.13
4703,3.5
6026,0.22
2304,0.09
7085,0.15
974,1.6
7298,0.12
6367,0.1
1328,0.05
810,1.35
1051,0.8
1385,0.4
3455,0.7
2346,0.06
6687,0.11
4805,0.89
8616,0.13
890,1.6
6085,0.01
2599,0.01
7903,0.34
7462,0.13
8715,0.04
7822,0.17
5539,0.1
2993,0.43
1582,0.38
8247,0.43
9493,0.12
5885,0.8
3179,0.51
10272,0.45
10158,0.2
1883,0.06
8670,0.04
917,1.39
2410,0.07
51,0.8
2522,0.16
517,0.33
5386,0.8
6293,0.12
1337,0.12
1601,0.39
7816,0.37
9066,0.18
2643,0.12
8575,0.25
9802,0.16
5936,24.5
1659,0.72
6324,0.67
1241,1.35
8039,0.14
8160,0.04
7722,0.12
6623,0.66
1715,0.13
5032,0.02
3199,0.11
5702,0.78
3638,0.8
6826,0.04
6693,0.14
4789,0.22
10256,0.14
7294,0.01
1368,0.4
2250,0.88
7719,0.16
9790,0.15
3821,0.11
8346,0.19
2046,0.19
1605,0.36
3223,0.22
6525,24.5
7954,0.19
6408,1.6
1242,0.14
359,0.61
8730,0.16
3970,0.89
4269,0.1
211,0.19
2393,0.03
1448,0.17
746,0.07
5042,0.3
4994,0.36
5675,1.6
5952,0.1
7676,0.18
5168,0.89
9009,0.02
7693,0.04
7301,0.13
6822,0.18
9744,0.13
7740,0.05
2803,0.28
3323,0.55
5417,0.8
6304,0.04
1064,0.01
8409,0.19
2929,0.1
3534,0.7
5672,0.55
7420,0.11
1423,0.39
2761,0.01
1105,0.72
4778,0.31
6712,0.26
854,0.15
8285,0.16
2323,0.03
8233,0.11
922,0.7
6472,1.6
4279,0.01
199,0.2
6029,0.02
5537,0.89
3890,0.22
3339,0.12
1572,0.19
7434,0.08
5515,0.1
7241,0.04
797,0.12
4654,0.11
4849,0.15
4416,0.08
5453,0.04
8553,0.22
1360,0.09
19,0.8
2960,0.04
3136,0.18
9192,0.01
3595,0.03
5561,0.11
6167,0.8
3573,1.6
2151,0.16
9692,0.1
6370,1.6
4031,0.9
8818,0.11
9523,0.12
4137,1.45
5839,0.23
3955,0.12
3174,0.34
2207,0.01
7188,0.14
3744,1.68
9586,0.24
4657,1.6
3082,0.55
8201,0.16
9706,0.04
5642,0.26
3529,0.04
7345,0.04
4017,0.12
1420,0.06
6911,0.35
9245,0.11
7797,0.19
8824,0.06
6885,0.41
1591,0.88
648,1.6
1371,0.88
8413,0.05
7993,0.66
6742,0.25
9481,0.14
10135,0.08
3512,0.08
8822,0.06
3978,0.3
5921,0.04
8923,0.16
3370,0.89
4152,0.33
9248,0.35
4634,0.7
7690,0.27
6034,1.45
8899,0.33
4341,0.8
6766,0.22
6778,0.13
147,0.8
8311,0.04
2689,0.55
7178,0.14
1311,0.34
3518,1.6
230,1.35
5245,0.01
9042,0.01
1542,0.39
1191,0.01
261,0.34
5730,0.15
6493,0.3
9539,0.2
2713,0.13
1624,0.02
9593,0.04
5304,0.26
4622,0.26
6890,0.37
8071,0.04
5188,0.72
4646,0.89
6656,0.14
9989,0.04
5155,0.13
1972,0.01
7402,0.06
10233,0.19
4176,0.13
6604,0.04
324,0.7
4159,0.88
4100,0.96
8334,0.45
4612,0.15
9502,0.14
610,1.6
9770,0.03
6543,0.38
5425,0.3
7393,0.04
9354,0.01
2820,0.19
6528,23.0
1113,0.0
1716,0.0
3622,0.2
3083,0.8
6425,0.89
1161,0.05
3360,0.22
3280,0.11
10050,0.02
8572,0.05
1778,0.2
6248,0.89
7084,0.15
3114,24.5
3725,0.07
10067,0.13
5421,0.8
9407,0.27
5843,24.5
1053,0.12
5030,0.11
1771,0.06
1911,0.18
2891,0.04
3337,0.09
6790,0.22
6662,0.05
1012,1.6
8963,0.14
5926,0.03
7960,0.13
8099,0.19
1444,0.34
4971,0.16
5674,0.38
8336,0.14
1200,0.42
8940,0.15
5170,0.04
7324,0.35
1924,0.01
8642,0.13
5654,0.09
5544,0.08
10076,0.08
9471,0.01
1185,0.15
6819,0.75
1307,0.07
1210,0.19
8825,0.16
9501,0.3
5840,1.6
2529,0.72
7493,0.04
9928,0.19
7981,0.11
611,1.6
8214,0.14
1413,0.05
4799,0.04
5196,0.89
3426,0.34
8604,0.14
5354,0.13
2101,1.39
7664,0.01
3854,5.0
338,0.7
8551,0.01
4868,0.15
5486,24.5
8076,0.22
1786,0.88
7048,0.05
2590,0.05
2342,0.34
8761,0.06
1243,0.6
343,0.79
1946,0.11
6741,0.2
456,0.05
6203,0.67
736,23.0
4415,0.79
6694,0.29
7137,0.01
2750,0.0
9993,0.01
7995,0.15
1008,0.15
8541,0.29
1644,0.19
7230,0.17
1810,0.88
6384,0.01
5983,0.01
6392,0.8
6217,0.18
10240,0.01
5877,0.15
6338,24.5
9031,0.01
4890,0.13
8115,0.27
7623,0.04
1722,0.12
9111,0.13
4445,0.8
7554,0.39
7159,0.25
8922,0.16
307,1.6
5788,0.18
3237,0.78
8419,0.11
5514,0.47
1117,0.01
7296,0.2
2926,24.5
7098,0.05
4944,0.25
353,0.72
5889,0.8
9159,0.16
2703,0.33
3948,0.55
3924,0.15
291,1.35
9295,0.45
8865,0.06
1700,0.4
433,0.68
2825,0.04
3260,0.05
7924,0.15
8552,0.01
10068,0.18
4941,0.89
5400,0.13
8083,0.04
4154,0.28
8483,0.15
2772,0.05
440,0.72
7435,0.45
6202,0.11
5955,0.8
3304,0.75
3263,0.03
1411,0.13
6649,0.39
7257,0.13
3745,0.01
5954,0.16
1545,0.13
4514,0.12
9512,0.14
5194,0.68
8657,0.05
2280,0.19
7271,0.18
1565,0.39
4702,0.89
2388,0.14
6830,0.18
9509,0.25
9975,0.04
1276,0.1
9251,0.06
6858,0.11
2213,0.88
9686,0.06
4527,0.05
4819,0.89
6475,0.51
8361,0.03
7251,0.25
3186,0.14
3990,0.11
8337,0.04
5249,0.04
6956,0.11
59,3.5
468,0.7
4955,1.6
3430,0.1
8623,0.11
6873,0.11
5894,0.7
7087,0.15
453,0.68
6025,1.6
4064,0.13
1205,0.05
8669,0.07
3158,0.38
3361,0.8
1135,0.4
4079,0.04
1076,0.16
9046,0.1
4887,0.11
9460,0.22
1748,1.6
3409,0.12
4715,0.72
9641,0.16
2805,0.89
8599,0.04
5080,0.03
3435,1.6
1792,0.37
2831,1.6
60,1.39
2156,0.01
3860,0.61
8194,0.26
5567,1.45
2914,0.38
8054,0.36
3048,0.01
5086,0.8
6057,0.0
4587,0.68
8359,0.09
3846,0.12
7896,0.15
6596,0.19
4132,0.28
367,0.12
8856,0.13
2756,0.47
6676,0.22
7694,0.25
5365,0.01
9049,0.1
4090,0.15
5684,0.04
201,0.02
1490,0.65
1292,0.26
8930,0.13
4397,1.6
4328,0.72
2321,0.8
9137,0.47
9541,0.05
8721,0.13
601,23.0
2196,0.06
8741,0.14
8537,0.09
688,1.39
3652,0.26
8098,0.66
6981,0.07
9231,0.16
4536,0.51
7147,0.05
4852,0.8
3552,0.89
1752,0.01
7036,0.16
9876,0.02
5940,0.16
8254,0.12
7621,0.04
4197,1.6
9465,0.04
4218,24.5
442,1.6
5134,0.15
3597,0.13
7349,0.16
1817,0.01
3030,0.8
4224,0.04
1560,1.6
3501,0.15
8965,0.04
6443,0.8
570,1.9
6310,0.04
2811,1.6
9815,0.32
2990,1.0
9002,0.11
1171,0.88
7354,0.01
5121,0.65
4806,0.04
5685,0.72
3106,0.38
2225,0.37
6682,0.14
2314,1.6
8282,0.16
8629,0.04
10229,0.1
2009,0.88
7935,0.03
7297,0.08
3942,0.68
6979,0.14
4651,0.04
5117,0.25
2970,0.01
4610,0.3
4244,0.04
6986,0.01
1005,3.5
5522,0.8
6709,0.01
3723,0.19
6788,0.16
6854,0.08
9028,0.19
7210,0.04
8129,0.04
9286,0.4
5398,1.6
3040,1.6
7375,0.1
7229,0.13
1469,0.05
6116,0.8
6216,0.12
3503,0.9
10205,0.37
3826,0.36
1540,0.16
2319,0.18
5073,0.89
6054,0.11
4720,1.6
322,0.72
4007,0.02
1391,0.88
1154,0.01
7738,0.16
4768,0.8
5740,0.25
972,0.8
5559,0.1
1322,0.12
1535,0.12
1467,0.06
3579,0.05
210,0.68
4334,5.0
3373,0.15
3631,1.6
7904,0.04
8286,0.18
3807,0.06
5011,24.5
1147,0.37
3127,0.06
5017,0.43
3891,24.5
3763,0.22
4520,0.68
1378,0.88
5959,0.04
10144,0.2
10017,0.21
7233,0.08
1937,0.34
9897,0.16
7915,0.44
8043,0.12
5627,0.15
3059,0.8
4532,0.37
4734,0.14
